# DISCLAIMER: TERM and DEF are yield-based proxy factors constructed from FRED data, not return-based factors as in FF(1993). DEF is the BAA-AAA corporate bond yield spread. Numerical results may differ from the original paper. Stock factors (Mkt-RF, SMB, HML) will be added when available.
Date,TERM,DEF,RF,Mkt-RF,SMB,HML
1963-07,0.0083999999999999,0.0058,0.27,-0.39,-0.5705666666666667,-0.8099999999999999
1963-08,0.0068,0.0054,0.25,5.08,-0.9481000000000002,1.7021499999999996
1963-09,0.007,0.0052999999999999,0.27,-1.57,-0.2475333333333333,-0.0017
1963-10,0.0066,0.0051,0.2899999999999999,2.54,-0.5709666666666662,-0.0382500000000001
1963-11,0.0059999999999999,0.0051,0.27,-0.8599999999999999,-1.1591333333333336,1.7295
1963-12,0.0060999999999999,0.0049999999999999,0.2899999999999999,1.83,-1.955566666666667,-0.2098499999999998
1964-01,0.0064999999999999,0.0044,0.2999999999999999,2.24,-0.2376666666666671,1.6337500000000005
1964-02,0.0062,0.0047,0.26,1.55,0.1158333333333336,2.80735
1964-03,0.0067999999999999,0.0045,0.31,1.41,0.9501,3.2936
1964-04,0.0076,0.0044999999999999,0.2899999999999999,0.1,-1.3501,-0.5446
1964-05,0.0072,0.0043999999999999,0.26,1.41,-0.8363666666666667,1.8099000000000005
1964-06,0.0069,0.0043999999999999,0.2999999999999999,1.27,-0.2301333333333333,0.6797500000000001
1964-07,0.0073,0.0042999999999999,0.2999999999999999,1.74,0.1880999999999995,0.7859999999999996
1964-08,0.0069,0.0040999999999999,0.28,-1.44,0.0136333333333333,0.0723499999999999
1964-09,0.0067,0.004,0.28,2.69,-0.6294,1.7185500000000005
1964-10,0.0062,0.0039,0.2899999999999999,0.5999999999999999,0.4820333333333331,1.0750499999999998
1964-11,0.0051,0.0037999999999999,0.2899999999999999,-0.01,0.6206999999999999,-2.0374
1964-12,0.0034,0.0036999999999999,0.31,0.04,-0.2372666666666665,-2.4290000000000003
1965-01,0.0038,0.0037,0.28,3.54,2.5689999999999986,0.3627000000000002
1965-02,0.0027999999999999,0.0037,0.2999999999999999,0.44,3.3100666666666663,0.2243000000000001
1965-03,0.0027999999999999,0.0036,0.3599999999999999,-1.34,1.7851,1.14565
1965-04,0.0027,0.0037,0.31,3.11,1.143533333333333,0.7325000000000004
1965-05,0.0031999999999999,0.0036999999999999,0.31,-0.78,0.0208,-1.55355
1965-06,0.0040999999999999,0.0038999999999999,0.3499999999999999,-5.51,-4.069233333333332,0.2261000000000006
1965-07,0.0036,0.0039999999999999,0.31,1.44,0.8630000000000004,2.1926000000000005
1965-08,0.0041,0.0038999999999999,0.33,2.73,2.848933333333333,-0.9839999999999997
1965-09,0.0037,0.0039,0.31,2.86,0.634933333333334,-0.1382500000000002
1965-10,0.0031999999999999,0.0037,0.31,2.6,2.5161,1.5477
1965-11,0.0036,0.0035,0.3499999999999999,-0.0299999999999999,4.685866666666667,0.1600999999999999
1965-12,0.0023999999999999,0.0034,0.33,1.01,2.068033333333333,2.1458000000000004
1966-01,0.0002,0.0031999999999999,0.38,0.7199999999999999,4.024966666666667,3.2673
1966-02,0.0017999999999999,0.0034,0.3499999999999999,-1.21,4.4393666666666665,0.3765
1966-03,0.0028,0.004,0.38,-2.51,0.8616333333333328,-2.12555
1966-04,0.0013,0.0045,0.34,2.13,3.440233333333333,-0.3573499999999994
1966-05,0.0014,0.0049999999999999,0.4099999999999999,-5.67,-4.604899999999999,-1.6039999999999992
1966-06,0.0030999999999999,0.0051,0.38,-1.44,1.0195999999999998,0.49295
1966-07,0.0021999999999999,0.0051999999999999,0.3499999999999999,-1.63,-0.3494666666666666,0.90675
1966-08,0.0025999999999999,0.0052,0.4099999999999999,-7.94,-3.2566999999999986,0.4963499999999996
1966-09,-0.0018999999999999,0.0059999999999999,0.4,-1.06,-1.0058666666666665,0.4848000000000001
1966-10,-0.0034,0.0068999999999999,0.45,3.86,-6.598166666666666,2.74255
1966-11,-0.0016,0.0078,0.4,1.38,4.071399999999999,-4.6317
1966-12,-0.0011999999999999,0.0078999999999999,0.4,0.13,1.9316666666666664,-0.95335
1967-01,-0.0013999999999999,0.0076999999999999,0.4299999999999999,8.15,8.102400000000001,2.3626999999999985
1967-02,0.0007,0.0078999999999999,0.3599999999999999,0.77,3.318633333333333,-2.25765
1967-03,0.0028,0.0071999999999999,0.39,3.99,1.4673999999999996,0.4723500000000005
1967-04,0.0075,0.0071999999999999,0.32,3.89,0.4659333333333331,-2.2901000000000007
1967-05,0.0124999999999999,0.0071999999999999,0.33,-4.32,2.1111000000000004,0.7985999999999995
1967-06,0.0147999999999999,0.0071,0.27,2.42,5.8537333333333335,0.8047000000000004
1967-07,0.0095,0.0068,0.32,4.58,3.171099999999999,2.749699999999999
1967-08,0.0101,0.0070999999999999,0.31,-0.9,0.4287666666666665,1.43485
1967-09,0.0088,0.0075,0.32,3.1,3.043566666666667,-2.4712
1967-10,0.0092,0.0069999999999999,0.39,-3.08,1.4744666666666668,-3.28905
1967-11,0.0102,0.0064999999999999,0.3599999999999999,0.37,0.1752333333333335,-1.7103499999999998
1967-12,0.0073,0.0073999999999999,0.33,3.05,5.618366666666667,-0.5418500000000002
1968-01,0.0052999999999999,0.0067,0.4,-4.03,3.9854,4.8507
1968-02,0.0057999999999999,0.007,0.39,-3.74,-2.9414,1.2342500000000003
1968-03,0.0057,0.0073999999999999,0.38,0.2099999999999999,-1.2988999999999995,-0.62955
1968-04,0.0025999999999999,0.0075999999999999,0.4299999999999999,9.02,5.657833333333333,-1.0999999999999996
1968-05,0.0020999999999999,0.0076,0.45,2.28,6.290799999999999,0.8199499999999995
1968-06,0.002,0.0078999999999999,0.4299999999999999,0.6999999999999998,-0.1861,0.65845
1968-07,0.0019,0.0073999999999999,0.48,-2.709538993119686,-0.9209997428415252,5.0634822165332745
1968-08,0.0032999999999999,0.008,0.42,1.3500768165239836,2.499233405667567,1.675159448504957
1968-09,0.0027,0.0082,0.43,3.983794750695228,1.7025958378927235,1.4823813827080965
1968-10,0.0023,0.0075,0.44,0.425333215335331,0.7954110533942255,4.055981193416192
1968-11,0.0025,0.0081999999999999,0.42,5.42509677690651,2.1904676874695657,-2.0273758154891945
1968-12,0.0006999999999999,0.0078,0.43,-3.9326879957739935,3.639347706454885,-0.2653668086934482
1969-01,-0.0009999999999999,0.0073,0.53,-1.2680784350117442,-0.4702843303752133,1.4756276800022765
1969-02,0.0006999999999999,0.0063999999999999,0.4599999999999999,-5.819578687242156,-4.487931541300429,-0.3087046770191275
1969-03,0.0028,0.0066,0.4599999999999999,2.6411474354974525,-0.5555312524889939,1.618109231704921
1969-04,0.0005999999999999,0.0064999999999999,0.53,1.4816950688066648,-0.8977704783103471,0.0009332791902059
1969-05,0.0028,0.0072999999999999,0.48,-0.0967681805175388,1.790617888593978,0.9050799021541182
1969-06,0.0013,0.0071999999999999,0.51,-7.158153637787382,-4.881688525914296,-3.3076740659086603
1969-07,-0.0028,0.0075999999999999,0.53,-6.991503158824128,-2.8356689931101897,0.8990586379268644
1969-08,-0.0029,0.0089,0.5,4.655924530103251,-0.1557812243220873,-4.209327295219226
1969-09,0.0006999999999999,0.0091,0.62,-2.979961236342372,0.4855067518469727,-1.6631210421572749
1969-10,0.0009999999999999,0.0089,0.6,5.037891753532902,2.1327224138127887,-2.1618806650240554
1969-11,-0.001,0.009,0.52,-3.7965738130973694,-2.00622320833082,-2.5471679153080022
1969-12,-0.0017,0.0093,0.64,-2.6307649446080625,-4.886870519118589,-1.938788436498244
1970-01,-0.0008,0.0094999999999999,0.6,-8.086178751980936,3.876920048643983,2.043060208708262
1970-02,0.0011,0.0084999999999999,0.62,5.105935954536676,-2.415880094586382,3.732925992789345
1970-03,0.0044,0.0079,0.5700000000000001,-1.0328259384137382,-2.0138339120566706,3.441161330872606
1970-04,0.0088,0.0087,0.5,-10.989177046822562,-6.075963209095992,6.3084849503103655
1970-05,0.0107,0.0087,0.53,-6.933540680436046,-3.9711399908195295,1.7969676581534737
1970-06,0.0116,0.0076999999999999,0.58,-5.785398956636216,-1.9925435548754864,1.518685104059997
1970-07,0.0100999999999999,0.0096,0.52,6.932927564025168,0.5224187286173603,0.2646672529996365
1970-08,0.0112,0.0130999999999999,0.53,4.542811791816013,2.189898523827952,1.9325644652098983
1970-09,0.0126999999999999,0.013,0.54,4.1679985381614095,8.148303162696557,-4.093990834920033
1970-10,0.0142,0.0129999999999999,0.4599999999999999,-2.2725518225951795,-3.303809062117132,-1.544119195724441
1970-11,0.0156,0.0133,0.4599999999999999,4.595616170262532,-4.067919037489832,1.6918187801891995
1970-12,0.0151999999999999,0.0147999999999999,0.42,5.734610696079135,3.665348933433304,3.02242714011698
1971-01,0.018,0.0138,0.38,4.836852215401221,6.846991892214789,3.316581710909162
1971-02,0.0240999999999999,0.0131,0.33,1.4084146426495243,2.1821569221806065,-1.5498293465970585
1971-03,0.0232,0.0125,0.3,4.121149910819232,1.0457932619300578,-2.2905734391256143
1971-04,0.0197,0.0119999999999999,0.2799999999999999,3.183818313333812,-1.2136597127746138,1.0901711839624362
1971-05,0.0225,0.0108999999999999,0.29,-3.975753485472635,-1.927653156923962,0.5746152665922497
1971-06,0.0176999999999999,0.0110999999999999,0.37,-0.0851862703077091,-1.557637931630667,-1.76521958267735
1971-07,0.0132999999999999,0.0112,0.4,-4.485262957966119,-0.4149927408561638,-0.3075120983068586
1971-08,0.0163999999999999,0.0117,0.47,3.78197152980708,-0.9043429338167313,3.082445823042008
1971-09,0.0144999999999999,0.0114999999999999,0.37,-0.8638644190440654,1.620767567981785,-3.475995672445131
1971-10,0.0146999999999999,0.0109,0.37,-4.416224076047551,-1.4971856070648348,-1.2860843161685525
1971-11,0.0159,0.0112,0.37,-0.4580138390796731,-3.216116935212934,-1.7676306534246464
1971-12,0.0192,0.0113,0.37,8.696553313135484,2.665356578768124,-0.1194821117983
1972-01,0.0257,0.0103999999999999,0.29,2.491267278227331,6.38455263731086,2.535537560097236
1972-02,0.0288,0.0095999999999999,0.25,2.8636456917288755,0.6310461110093124,-1.907147755096327
1972-03,0.0234,0.0099999999999999,0.27,0.6279677225042294,-0.7533877223160773,-2.164313972332379
1972-04,0.0248,0.0094,0.29,0.2902904915024927,0.0382284100203169,-0.1304588963169506
1972-05,0.0243999999999999,0.0093,0.3,1.251221685640138,-1.5087740736397242,-4.143508616443258
1972-06,0.022,0.0096999999999999,0.29,-2.43103190635239,2.2142155910784385,-1.5929767400397383
1972-07,0.0213,0.0102,0.31,-0.7877606659722628,-3.187874625107556,-0.234511403552402
1972-08,0.0219,0.0099999999999999,0.29,3.269245063365953,-4.176444744187253,4.6468622645072815
1972-09,0.0189,0.0087,0.3399999999999999,-1.1289448071111936,-1.8313654085267133,-1.0800184901841154
1972-10,0.0174,0.0085,0.4,0.5065881605516225,-3.01925306040013,1.9524329560534677
1972-11,0.015,0.0087,0.37,4.58643887765805,-1.7836516516073102,5.918355754901119
1972-12,0.0129,0.0084999999999999,0.37,0.6195237251826805,-1.6920887680862542,-3.511028123272681
1973-01,0.0105,0.0074999999999999,0.44,-3.147785877331366,-3.063427924418584,1.5902241799880756
1973-02,0.0104,0.0074999999999999,0.42,-4.664160544619433,-4.894745930254752,2.4082873788029597
1973-03,0.0061999999999999,0.0073999999999999,0.4599999999999999,-1.1204704946771906,-3.00450528630647,3.643751601843605
1973-04,0.0040999999999999,0.0083,0.52,-5.2768308768715135,-3.2899480651748405,3.6297094084343904
1973-05,0.0048999999999999,0.0076999999999999,0.51,-2.6788736991387294,-5.938331693600661,-0.2558399494641756
1973-06,-0.0029,0.0076,0.51,-1.494626479225723,-3.071584544321073,0.9289416507931868
1973-07,-0.0088,0.0079,0.64,4.791007112038832,7.288404396099562,-2.2923332680775896
1973-08,-0.0126999999999999,0.0084999999999999,0.7000000000000001,-3.802353829542979,-3.6968369939316026,2.109985442657916
1973-09,-0.0119999999999999,0.01,0.6799999999999999,4.621784247303751,4.806605588449579,1.2995416241881212
1973-10,-0.0042999999999999,0.0081,0.65,-0.7604478540364135,-0.8355139205679454,0.5687121167856797
1973-11,-0.0109999999999999,0.0074999999999999,0.5599999999999999,-12.473657149575978,-9.2093455445576,3.27733816644934
1973-12,-0.0070999999999999,0.008,0.64,0.765173898244136,-6.34738029707125,5.836302623881957
1974-01,-0.0077999999999999,0.0065,0.63,-0.3896849819801735,11.193306854195434,5.498559424095092
1974-02,-0.0016,0.0067999999999999,0.58,-0.3838318139359535,-1.092081007900737,3.2336312821929343
1974-03,-0.0075,0.0060999999999999,0.5599999999999999,-2.816743192273224,2.7415310806406654,-0.0965201352144022
1974-04,-0.0081999999999999,0.0061999999999999,0.75,-5.130533669546901,-1.8859214650191367,1.5206884194238397
1974-05,-0.0064999999999999,0.0068,0.75,-4.277835066954939,-1.7096756690358266,-2.1804005522740866
1974-06,-0.0036,0.0079999999999999,0.6,-2.474075467115792,-0.4929854150480517,1.3779597998397193
1974-07,0.0026,0.0076,0.7000000000000001,-8.004614309832606,1.004635854853654,4.809297436889846
1974-08,-0.0092,0.0076999999999999,0.6,-9.190488063870646,1.8286589403597269,2.160466261522414
1974-09,-0.0002,0.0094,0.8099999999999999,-11.83353611279432,-0.1096047697570785,5.763256857018384
1974-10,0.0044,0.0121,0.51,16.040179031987332,-4.55973655710152,-9.871189210405255
1974-11,0.0020999999999999,0.0170999999999999,0.54,-4.626456914615015,-2.3642804264634627,0.1680485416404717
1974-12,0.0027999999999999,0.0174,0.7000000000000001,-3.2703384324613927,-4.391838924372042,-0.4212097526822127
1975-01,0.0123999999999999,0.0197999999999999,0.58,13.44411117010058,11.935146915621772,7.859721379785611
1975-02,0.0188999999999999,0.0203,0.43,5.673919710649026,0.661762921414748,-5.696516007775862
1975-03,0.0224,0.0181,0.41,2.5603258105550366,3.9576906544626578,2.9130930568272437
1975-04,0.0261999999999999,0.0163,0.44,4.307732831805895,0.2459154487389723,-2.411252282156533
1975-05,0.0283,0.0178999999999999,0.44,5.15158584120937,2.620401058744206,-0.761974531938514
1975-06,0.0252,0.0184999999999999,0.41,4.824812678456441,1.742729693856398,1.60090540327929
1975-07,0.0193,0.0171,0.48,-6.7895857146391805,3.0188679221469448,2.337093897012481
1975-08,0.0196,0.0163999999999999,0.48,-2.614665379258803,-2.466702494979353,-2.2928467242335504
1975-09,0.0201,0.0166,0.53,-4.060850586615465,0.2311001132944858,0.8498147803105054
1975-10,0.0218,0.0175999999999999,0.5599999999999999,5.521209155172897,-2.990118238221939,-1.3728672551904233
1975-11,0.0257,0.0178,0.41,2.6977498976461654,-0.2162764421081644,1.425280212520719
1975-12,0.0255999999999999,0.0177,0.48,-1.5924920089620396,-0.9098036410240288,1.643501560315023
1976-01,0.0286999999999999,0.0181,0.47,12.226837546015714,4.472321795116212,11.058867808889524
1976-02,0.0291,0.0169,0.3399999999999999,-0.0146503575652873,6.934460666138885,7.689416899874331
1976-03,0.0273,0.016,0.4,2.5408568930481525,-3.0658890116111097,1.712082518766482
1976-04,0.0269999999999999,0.0153999999999999,0.42,-1.5449062975145909,-0.7720340701236643,1.0174302459745943
1976-05,0.0269999999999999,0.0127999999999999,0.37,-1.2558264284739535,-1.7134436475844446,-2.106664510090602
1976-06,0.0245,0.0127,0.43,4.225714655497247,-2.1936718770156247,1.1999272639733212
1976-07,0.0259999999999999,0.0126,0.47,-1.238519240148472,-0.0711737149572924,2.370128527405039
1976-08,0.0262999999999999,0.0119,0.42,-0.4222401166889351,-1.75251302404287,0.5093489023425639
1976-09,0.0250999999999999,0.0101999999999999,0.44,2.080624788707008,0.255557664941521,-0.6281479589006538
1976-10,0.0249,0.0097,0.41,-2.54511904916188,0.1465451882701742,-0.518694241701962
1976-11,0.0254,0.0098,0.4,0.3119524863277106,2.2479754895673727,1.438165040650763
1976-12,0.0252,0.0113999999999999,0.4,5.484889845184064,2.8351507191857115,2.9178559839198464
1977-01,0.0259,0.0112,0.36,-4.174823576729413,5.9094771658947725,3.943860773997708
1977-02,0.0271999999999999,0.0108,0.35,-2.029379241399296,0.6218871631582107,0.4830278909943424
1977-03,0.0286,0.0101999999999999,0.38,-1.458420983159432,0.642973114561936,0.6263546460846366
1977-04,0.0283,0.0103,0.38,0.0581171582979617,1.2056723763910542,2.587885740596981
1977-05,0.025,0.0095999999999999,0.37,-1.5875350498786374,1.302735858391879,0.0662648708871074
1977-06,0.0226,0.0095999999999999,0.4,4.772723084786732,2.3249222714586644,-0.8885228632684532
1977-07,0.0214,0.0092999999999999,0.42,-1.9073606862625485,1.3284794507052338,-0.042537986163933
1977-08,0.0191,0.0083999999999999,0.44,-1.8700736874075723,0.3367484397064997,-2.072385555774307
1977-09,0.0152999999999999,0.0088,0.43,-0.3508807420398537,2.3066441778049303,0.2938452467120768
1977-10,0.0135999999999999,0.0085,0.49,-4.431082100891767,1.1281927799882792,0.3762791184974143
1977-11,0.0148,0.0087,0.5,3.87942946283768,4.724279792862868,0.1904183608661931
1977-12,0.0162,0.008,0.49,0.1238146106156404,0.5830226118079697,-0.3644364505129993
1978-01,0.0152,0.0075999999999999,0.49,-6.183393577221281,2.0248695131706467,2.814544483059566
1978-02,0.0157999999999999,0.0072999999999999,0.4599999999999999,-1.5764596937804236,3.929085836983816,0.9879088886500356
1978-03,0.0174999999999999,0.0074999999999999,0.53,2.694649585409939,3.113882849185293,4.35861661033336
1978-04,0.0186,0.0075999999999999,0.54,7.866569618873057,-0.0509007532375793,-3.3539402097365025
1978-05,0.0193999999999999,0.008,0.51,1.5032416258583137,4.807962207117984,0.2454312165805534
1978-06,0.0173,0.0084,0.54,-1.866327097158192,0.9783431197506792,0.5162871534774989
1978-07,0.0163,0.0071999999999999,0.5599999999999999,5.174113964321337,0.1486082114014157,-1.7277723666893037
1978-08,0.0133,0.0079,0.5599999999999999,3.453736602510979,5.3524590567637045,-0.4662846829619802
1978-09,0.0056999999999999,0.0073,0.62,-1.348576727608948,0.1790363823567368,2.222183808299908
1978-10,0.0065,0.0069999999999999,0.6799999999999999,-11.404590279929334,-12.190040401929602,0.7840586541389101
1978-11,0.0017,0.008,0.7000000000000001,2.699494941427089,4.629338113249292,-2.525407107307312
1978-12,-0.0007,0.0077999999999999,0.7799999999999999,0.7620086390219373,-0.4809902964545169,-1.6338279402124043
1979-01,-0.0025,0.0088,0.77,4.05694117296569,4.1801782636549065,4.352350177841474
1979-02,-0.0022,0.0081999999999999,0.73,-3.620836268199619,0.429339342911688,0.8812025177954976
1979-03,-0.0036,0.0089,0.8099999999999999,5.559808506204781,2.6603022370026066,0.1804989228000657
1979-04,-0.0028,0.0094999999999999,0.8,-0.1665589283338974,1.9685996549098617,1.9504274951493932
1979-05,-0.0035999999999999,0.0097,0.8200000000000001,-2.219184571902881,0.8119231310657413,1.0286821262470034
1979-06,-0.0015,0.0109,0.8099999999999999,3.764258728265407,0.3545489061566194,2.049690247419848
1979-07,-0.0029,0.0108999999999999,0.77,0.7247377615985502,1.017309429584756,1.8555593059637527
1979-08,-0.0049,0.0111999999999999,0.77,5.474133595638572,2.616286315385396,-0.7944512981578882
1979-09,-0.0093,0.0109999999999999,0.83,-0.8247099866606391,-0.7110280690498736,-0.5076079496350809
1979-10,-0.0139999999999999,0.0127,0.8699999999999999,-7.883596841026148,-3.379043272864912,-2.249657130562996
1979-11,-0.0113999999999999,0.0123,0.99,5.15489728533452,2.3131021577114312,-2.622448939409505
1979-12,-0.0164999999999999,0.0132,0.95,1.5409532814143476,4.243615803405019,-0.9889635883658904
1980-01,-0.0119999999999999,0.0133,0.8,5.432949798510657,1.128066183542899,3.31371135130201
1980-02,-0.0044999999999999,0.0119,0.89,-1.0768947318748865,-2.365446449978487,0.8614820324702672
1980-03,-0.0244999999999999,0.0148999999999999,1.21,-12.419167992574597,-5.402356889267523,-1.9872838804892543
1980-04,-0.0172999999999999,0.0215,1.26,3.7329846168480687,0.7701876187371921,0.324966192707012
1980-05,0.016,0.0218,0.8099999999999999,5.090998508219624,2.567659552218352,0.640940444382176
1980-06,0.0271,0.0213,0.61,2.9176293440916936,0.5443592913213195,-0.9603781946256412
1980-07,0.0218999999999999,0.0157999999999999,0.53,6.371677112121006,5.558904806865657,-4.844192309440227
1980-08,0.0196999999999999,0.0151,0.64,1.4143470968363054,5.943442049720786,-0.3043194062160399
1980-09,0.0123999999999999,0.0167999999999999,0.75,2.059386720101714,0.6749905109484629,-1.8944900933240316
1980-10,0.0012999999999999,0.0192,0.95,0.9580498551944446,1.6734378431901566,-0.9898471927396488
1980-11,-0.0105,0.0166999999999999,0.96,9.772621033289216,-4.053965973527868,-4.114921926648682
1980-12,-0.0265,0.0193,1.31,-4.571035077787673,-0.3291138967214086,1.3675408135213667
1981-01,-0.0244999999999999,0.0221999999999999,1.04,-5.220651687747028,3.7785085897256057,5.745925698232783
1981-02,-0.016,0.0201999999999999,1.0699999999999998,0.7106708787642415,-0.4708984619694387,2.569686412725755
1981-03,-0.0024,0.0201,1.21,3.379251970411929,4.686030795599106,1.8586165361718596
1981-04,-9.9999999999989e-05,0.0168,1.08,-2.4966856402225,4.259458200201979,0.9762922180998596
1981-05,-0.022,0.0163,1.15,-0.1547225118084531,2.715784189812412,-0.1486023364827442
1981-06,-0.0126,0.0204999999999999,1.35,-2.077409899355169,-1.859565027862932,4.943978598606958
1981-07,-0.0067,0.0179,1.24,-1.3432310140860488,-0.7417047577448597,-0.51983717624285
1981-08,-0.0056999999999999,0.0144999999999999,1.28,-6.861174453933596,-2.32160530099676,1.870814164871764
1981-09,0.0062,0.0143,1.24,-6.949663561651417,-1.9174484635555968,3.58682764944132
1981-10,0.0161,0.0171,1.21,4.66060451793174,2.860455329624481,-4.28886673439254
1981-11,0.0253,0.0217,1.0699999999999998,3.4502302601105352,-1.7289342187310677,1.6254645307375135
1981-12,0.0287,0.0232,0.8699999999999999,-3.680860090462046,1.584773117822079,-1.0505636355519172
1982-01,0.0231,0.0192,0.8,-3.100828382346799,-1.6446686112165438,4.437785071233885
1982-02,0.0094999999999999,0.0191,0.92,-5.910320155386224,-0.453601777052711,5.174876656799761
1982-03,0.0118,0.0224,0.98,-1.771051001435659,0.8068047426031321,4.732300367270744
1982-04,0.0116999999999999,0.0232,1.13,3.139032324692983,0.6570377826967588,-2.353557819942109
1982-05,0.0152999999999999,0.0237999999999999,1.06,-3.888031704197195,0.808585414090659,0.4135343609587623
1982-06,0.0183,0.0211,0.96,-2.906932076506732,0.2054779088377012,3.4235998341234493
1982-07,0.0259999999999999,0.0219,1.05,-3.199591830654205,1.3413786513835912,-0.5193878328911548
1982-08,0.0437999999999999,0.0261,0.76,11.61250378789684,-2.4520737693447643,1.1597267066697707
1982-09,0.0442,0.0269,0.51,0.8577682249623577,1.4539791242728546,0.5569759848952611
1982-10,0.032,0.0261,0.59,11.029722608031388,3.3475083580351583,-1.8037216759368349
1982-11,0.0248,0.0262,0.63,4.194527001831776,5.158499759794774,-0.8612519798441802
1982-12,0.0259999999999999,0.0230999999999999,0.67,0.6918178937648387,0.5282306625008706,-0.2347199620178437
1983-01,0.026,0.0215,0.69,3.250478968041043,3.717593716189209,-0.4491747120165916
1983-02,0.0261,0.0193999999999999,0.62,2.329779875292395,3.934505311309047,1.2181674335716428
1983-03,0.0216,0.0187999999999999,0.63,2.732579929847957,0.6738465557793134,3.3489940832341647
1983-04,0.0219,0.0177999999999999,0.7100000000000001,6.563683428760949,-0.6231720767322351,1.617521237569436
1983-05,0.0219,0.0162999999999999,0.69,-0.0964673987835855,6.7868998324803,-0.872256152641302
1983-06,0.0206,0.0162999999999999,0.67,3.1383609658309366,2.1043390953208885,-3.473045678060717
1983-07,0.023,0.0124,0.74,-3.8961083762346025,1.7599794269676812,3.928375016072653
1983-08,0.0250999999999999,0.0113,0.76,0.1651322498737916,-4.055824860685323,4.624442782131911
1983-09,0.0265,0.0118,0.76,0.9510394185161688,0.8907616564692438,-0.7555077397239682
1983-10,0.0289999999999999,0.0121,0.76,-2.740868354958891,-3.241506466905104,2.732893416318269
1983-11,0.0292999999999999,0.0119999999999999,0.7000000000000001,1.9507833372921712,3.133307965237183,1.8945749711137432
1983-12,0.0283,0.0118,0.73,-1.5725747473277811,-1.0274980790146786,2.0130122743753134
1984-01,0.0276999999999999,0.0145,0.76,-1.5663122689372162,0.2758336259709699,6.755044455301945
1984-02,0.0275,0.0150999999999999,0.7100000000000001,-4.578204662703411,-0.8906186532042475,1.5570216020430632
1984-03,0.028,0.0141999999999999,0.73,0.9436874821909684,-0.5372494733700655,0.6097607342884643
1984-04,0.0293999999999999,0.015,0.8099999999999999,-0.2883646884699929,0.2721209218350681,-0.1124864718982017
1984-05,0.0358,0.0146,0.7799999999999999,-5.876215185628724,1.6583489559620652,-1.2032148988592697
1984-06,0.0369,0.0149999999999999,0.75,1.727086065092351,0.7543017407603276,-3.094297533887333
1984-07,0.0324,0.0171,0.8200000000000001,-2.430166954694456,-2.8144933152505125,-0.8095417663691253
1984-08,0.0225,0.0176,0.83,10.283841407471394,-0.2610486335510025,-1.313275456265771
1984-09,0.0215,0.0169,0.86,-0.6313413577521467,-0.2678750159175695,2.9210814627515536
1984-10,0.0242,0.0131,1.0,-0.6701562342905804,-1.2748209045924377,-0.5948480256741964
1984-11,0.0296,0.0119,0.73,-1.655933401403996,-1.378127967135029,1.855667635110499
1984-12,0.0344,0.0127,0.64,1.8782737380426584,-0.3047384825186174,-0.9936958536051996
1985-01,0.0362,0.0117999999999999,0.65,7.408859687592641,3.198399094397628,-3.5535418897887734
1985-02,0.0324,0.0109999999999999,0.58,1.1715296572417817,0.3945791100604352,0.7535398231765154
1985-03,0.0334,0.0112999999999999,0.62,-0.6463903363146433,-1.3002194511686134,2.6588392998376413
1985-04,0.0348,0.0127999999999999,0.72,-1.0623366971235506,-1.8718534228053283,3.059217775297776
1985-05,0.0336999999999999,0.0142999999999999,0.66,5.394033565506808,-2.518676378078143,-1.0418394597008067
1985-06,0.0320999999999999,0.0146,0.5499999999999999,1.225008337098629,0.9151191049849464,-0.6268945499598787
1985-07,0.0323,0.0145999999999999,0.62,-0.9904203458858332,1.9789216744977596,-2.2904922272095725
1985-08,0.0319,0.0144999999999999,0.5499999999999999,-0.961823469663195,-0.1426437834974654,1.4538213463742715
1985-09,0.0326999999999999,0.0141,0.6,-4.266507560009891,-2.305115555502436,0.7057484700086709
1985-10,0.0308,0.0133999999999999,0.65,3.9773871539454615,-1.9023532837256252,-0.0133367824299881
1985-11,0.0253999999999999,0.0143999999999999,0.61,6.416738621928758,-0.2290996524390802,-2.731529092220436
1985-12,0.0216,0.0142,0.65,4.010547089128105,-0.0025262785035762,-2.240017794157981
1986-01,0.0211999999999999,0.0138999999999999,0.5599999999999999,0.3742480825354753,0.7354146624101705,-0.5126174570504555
1986-02,0.0163999999999999,0.0143999999999999,0.53,7.168756127555542,1.1199196349821054,-1.724371898392837
1986-03,0.0122,0.015,0.6,5.038962454394751,0.7635021109088704,0.7596612120109345
1986-04,0.0124,0.0139999999999999,0.52,-1.817593691887436,1.4904996742474643,-1.976725083327868
1986-05,0.0155999999999999,0.0119999999999999,0.49,4.6816089606808085,-1.5132935322949876,0.5090722774526437
1986-06,0.0158999999999999,0.0120999999999999,0.52,1.0642845027847798,-0.9945451512914094,0.958140709131825
1986-07,0.0146999999999999,0.0127999999999999,0.52,-5.99728703203218,-2.3892325381116866,2.7319143204559104
1986-08,0.0163999999999999,0.0146,0.4599999999999999,6.6572010537433615,-3.990759911676764,3.802345093618389
1986-09,0.0223999999999999,0.0130999999999999,0.4499999999999999,-8.553213289735478,3.800068901026665,2.650400022588672
1986-10,0.0224999999999999,0.0138,0.4599999999999999,5.024040430843923,-1.7140784141065852,0.6581148273378075
1986-11,0.0189999999999999,0.0138999999999999,0.3899999999999999,1.4563671931094997,-1.6595444864602178,-1.4095862390378162
1986-12,0.0157999999999999,0.0148,0.49,-3.2225561980128785,0.722091691674906,0.611463239568464
1987-01,0.0165,0.0136,0.42,12.541339466363812,-1.426289954829274,-1.6895573330125604
1987-02,0.0165999999999999,0.0126999999999999,0.43,3.7960574622790766,3.607127643634064,-4.701801550510447
1987-03,0.0165999999999999,0.0124999999999999,0.47,1.8061373383754464,-0.7601469884547392,2.293503472484584
1987-04,0.0237999999999999,0.0118999999999999,0.44,-1.902663190487757,-0.7426134282597725,-2.119847370591125
1987-05,0.0294999999999999,0.0118,0.38,0.1986013290352482,-0.1677879438169555,-0.2958649894295301
1987-06,0.0273,0.0119999999999999,0.48,4.34278275624408,-1.9595274262841744,0.3565969264992663
1987-07,0.0275999999999999,0.0118999999999999,0.4599999999999999,4.140816385093919,-0.361530576101007,1.2840601565605203
1987-08,0.0271999999999999,0.0113,0.47,3.393181341801838,-0.1502854457796485,0.0692086651208692
1987-09,0.0302,0.0113,0.4499999999999999,-2.5909260046863563,1.2704443521914397,0.3061060190630642
1987-10,0.0338999999999999,0.0109999999999999,0.6,-22.51520010839716,-8.527441552623753,2.271867621472907
1987-11,0.0316999999999999,0.0122,0.35,-8.008338599211752,3.1946195989568,2.592810215773759
1987-12,0.0322,0.0117999999999999,0.3899999999999999,6.599005391295409,-1.366539943244797,-4.027771177678438
1988-01,0.0286,0.0118999999999999,0.29,4.20305133224041,0.5977840434933839,4.019259176766249
1988-02,0.0255,0.0121999999999999,0.4599999999999999,4.526651225607363,4.5164467613689725,0.0964627221610268
1988-03,0.0266999999999999,0.0117999999999999,0.44,-2.8498148242802785,6.802655556057603,1.717630680304756
1988-04,0.0281,0.0123,0.4599999999999999,0.5159568618749151,1.1349503398680771,2.025083330100649
1988-05,0.0282999999999999,0.0113999999999999,0.51,0.0228866346938215,-2.06354065336104,-0.0806555508343084
1988-06,0.0245999999999999,0.0114,0.49,4.534962517422221,2.51601425568397,-1.930919081510376
1988-07,0.0233,0.0114999999999999,0.51,-1.1298881288867104,0.4608909874203173,2.5837141649676534
1988-08,0.022,0.011,0.59,-3.375557985931408,0.0968084391197372,1.6142898097960805
1988-09,0.0174,0.0107999999999999,0.62,3.399859744665997,0.0864420960517988,-1.9545454831525653
1988-10,0.0145,0.0089999999999999,0.61,1.6590204573865608,-2.153748796940565,1.4333287803733312
1988-11,0.012,0.0103,0.5700000000000001,-2.119245241980644,-1.8340273616006049,0.6892161334008966
1988-12,0.0103999999999999,0.0107999999999999,0.63,1.3713407509235789,1.8826688469008483,-0.291689760185819
1989-01,0.0081999999999999,0.0103,0.5499999999999999,6.259041533405341,-2.654486500510945,1.8032091863280664
1989-02,0.0064,0.0097,0.61,-2.464557578329429,3.6702441332162583,1.1678483225202032
1989-03,0.0053999999999999,0.0087,0.67,1.5692992542073707,0.6012390758969222,0.5314386848712918
1989-04,0.0052999999999999,0.0082,0.67,4.253614398251426,-1.0166015696722028,-1.2857586722460912
1989-05,0.0042999999999999,0.0089,0.79,3.266388950762293,0.4247292447893644,-1.1337453766078809
1989-06,0.0012999999999999,0.0093,0.7100000000000001,-1.0820779154379967,0.0112421389351989,0.3582410570606238
1989-07,0.0013999999999999,0.0094,0.7000000000000001,7.743643578432562,-5.085773132934881,-3.2806769179794197
1989-08,0.0020999999999999,0.0092,0.74,1.236204663457069,0.2316608329880249,1.6438134244774063
1989-09,0.0044,0.009,0.65,-0.9352499266024968,0.4369679144830514,-1.0802878178081727
1989-10,0.0037,0.0089,0.6799999999999999,-3.572667413493929,-3.593424081657223,-1.9352891153058245
1989-11,0.0017999999999999,0.0092,0.69,1.2150334645917995,-1.1865915110716143,-1.323193118150794
1989-12,0.0021,0.0096,0.61,1.458294956282876,-2.849986350589345,-0.10166215176162
1990-01,0.0057,0.0094999999999999,0.5700000000000001,-7.643007430235047,-1.2405723195895852,0.594017539874204
1990-02,0.0073,0.0092,0.5700000000000001,0.946819309205212,0.0313221714101541,0.2745679634587115
1990-03,0.0069,0.0084,0.64,1.7730874833131898,2.5667049253478527,-1.7856226467926986
1990-04,0.0102,0.0084,0.69,-3.2584047830364367,-1.2769856143628644,-3.243565293370788
1990-05,0.0102,0.0093999999999999,0.6799999999999999,8.395346454552044,-3.3041722557721727,-5.1372106122707
1990-06,0.0074999999999999,0.0096,0.63,-1.2566227805877035,1.2601869912683892,-3.464500872421053
1990-07,0.0085,0.0095999999999999,0.6799999999999999,-1.3604726587800071,-2.260952927460952,-2.109564618163485
1990-08,0.0129999999999999,0.0099999999999999,0.66,-9.713163092225766,-4.231504513080731,-0.0538089140922188
1990-09,0.0153,0.0108,0.6,-5.600096709802719,-2.2591608682933693,-3.2667530080640166
1990-10,0.0155,0.0121,0.6799999999999999,-1.592018035077434,-6.477977971718854,-0.6797439715715483
1990-11,0.0133,0.0131999999999999,0.5700000000000001,6.035022644678981,-0.718470497865149,-1.920861815502512
1990-12,0.0133999999999999,0.0137999999999999,0.6,2.321737210233741,0.2888108982510813,0.576534843247678
1991-01,0.0187,0.0141,0.52,3.9698880108482095,3.618552591440096,2.04807294944524
1991-02,0.0191,0.0123999999999999,0.48,6.915311057790994,3.762047542347405,-0.4699180214821705
1991-03,0.0219999999999999,0.0116,0.44,2.1965093237898,3.315426046134947,-0.1804705778330948
1991-04,0.0238999999999999,0.0107999999999999,0.53,-0.3175540635594708,-0.675369359188231,1.2005563736617926
1991-05,0.0261,0.0099999999999999,0.47,3.581808131036894,-0.3498769961638297,0.9119846241019468
1991-06,0.0271,0.0095,0.42,-4.721235049784193,0.519614722021176,0.345081357941666
1991-07,0.0268999999999999,0.0089,0.49,4.067594179152869,-3.2251618960256008,1.481383127850025
1991-08,0.0257,0.009,0.4599999999999999,2.013338194790008,0.777582608737581,-1.0890047533145388
1991-09,0.0243,0.009,0.4599999999999999,-1.804288676694348,0.8683928583425982,-1.24369473588529
1991-10,0.0254,0.0093999999999999,0.42,1.0612359846154318,-1.0202771259975862,1.8215056337211772
1991-11,0.0286,0.0096999999999999,0.3899999999999999,-4.267548632329307,-0.2688345172556969,-2.7301134829351827
1991-12,0.0302,0.0094999999999999,0.38,10.689788095330432,-3.6956773892447305,-1.9063994461233025
